filename,width_px,height_px
01-hero-security.png,1672,941
02-cyber-security.png,1672,941
03-data-protection.png,1672,941
04-it-infrastructure.png,1672,941
05-managed-services.png,1672,940
06-banking-finance.png,793,1983
07-manufacturing.png,793,1983
08-healthcare.png,793,1983
09-government.png,793,1983
10-education.png,793,1983
11-retail.png,793,1983
12-manufacturing-ransomware.png,1672,941
13-banking-recovery.png,1672,941
14-healthcare-data.png,1672,940
15-cyber-threats.png,1672,941
16-scalable-infrastructure.png,1672,941
17-backup-disaster-recovery.png,1672,941
18-data-compliance.png,1672,941
